Asset,Observed Return,Observed Vol,Observed Sharpe,Paper Return,Paper Vol,Paper Sharpe,Return Delta,Vol Delta,Sharpe Delta
Stocks,8.318428925010627,12.530492661426468,0.31413319860460615,9.97,15.03,0.38,-1.6515710749893735,-2.4995073385735314,-0.06586680139539386
Bonds,7.92603584490543,6.628962167716772,0.5346011291147346,7.03,5.17,0.53,0.8960358449054295,1.4589621677167717,0.004601129114734537
Commodities,2.7442945193806003,3.125842469670944,-0.5239837521233134,3.66,20.17,-0.03,-0.9157054806193998,-17.04415753032906,-0.49398375212331336
