Left,Right,Paper,Observed,Abs Delta,Status
Oil,Copper,0.33,0.40641943157956495,0.07641943157956493,MATCH
Monetary_policy,Yield_curve,-0.67,-0.7558903175634505,0.08589031756345045,MATCH
Volatility,Market,-0.25,-0.4158767040491626,0.1658767040491626,CLOSE
Monetary_policy,Stock_bond,-0.36,0.27410973692876117,0.6341097369287612,GAP
Copper,Monetary_policy,0.37,0.28517210993318964,0.08482789006681035,MATCH
Copper,Market,0.13,0.1342422258649624,0.004242225864962396,MATCH
