Portfolio,Size,Value,Momentum,Profitability,Investment
Benchmark,23.58230446687547,15.122790128670324,13.399802102217992,26.58689842804828,21.30820487418793
Recovery,48.7096029425806,26.492741132793917,4.301572119336239e-15,0.0,24.797655924625488
Expansion,27.17503068021976,21.081912869495458,48.33623710307939,3.406819347205391,1.8278971001747805e-15
Slowdown,6.361493767696138e-15,21.87072910095309,43.51186068267338,0.0,34.61741021637352
Contraction,0.0,2.8767893824315616e-15,0.0,94.74746859822017,5.252531401779834
